{"Kp_yaw":3.600423316111197e-06,"Ki_yaw":954.3843768757964,"_timestamp":1.763176881235277e+09,"Kp_z":42.29214629850987,"Kd_z":2.108796122028415,"Kd_yaw":0.0007485827641591886,"best_cost":2197.655324890777,"Ki_pitch":0.025305407933865355,"Kp_x":15.802419128404152,"Ki_z":0.001166700902838459,"Kd_y":31.44761468127059,"Kd_roll":0.0025513152982298303,"Kp_pitch":196.60845933938097,"_step":3,"Kd_x":0.000538202951958559,"Ki_roll":213.19462243190515,"Kp_roll":6.235010440829127e-06,"Kp_y":1.143591594058811e-06,"_runtime":154,"cost":7448.22824361494,"_wandb":{"runtime":154},"Ki_y":0.7006631744731184,"Kd_pitch":0.0010594533026705944,"Ki_x":3.84135456083452e-06}