{"Kd_pitch":464.3331228038707,"Kd_z":50.19730139352874,"best_cost":13917.555286938008,"Kd_yaw":284.61802602451525,"Ki_pitch":296.2462558052893,"Kp_yaw":135.78908659326717,"Kp_x":1683.329421201016,"Kd_y":685.2579523228212,"Kp_pitch":375.62545737219665,"Ki_yaw":638.7640759816785,"Kp_roll":520.1313284603283,"Kd_roll":241.6923158644161,"Ki_z":122.02743902135526,"Ki_y":707.86375882287,"Kp_y":1433.9035289654632,"_runtime":100,"Ki_roll":250.33285277623395,"Kd_x":633.2236698667439,"_timestamp":1.7630953249892151e+09,"Ki_x":614.8943405993446,"_step":1,"cost":13917.555286938008,"Kp_z":65.6566686419573,"_wandb":{"runtime":100}}