{"Kp_y":48.0341864118714,"Kd_z":90.92459450931668,"Kp_z":1231.5899730488127,"best_cost":2703.3678325761666,"Kp_pitch":81.0332977568331,"Ki_y":150.78155973370545,"cost":2703.3678325761666,"Kd_x":717.5120272292897,"Ki_roll":656.7737614203606,"Kd_pitch":969.0639986061954,"Kp_roll":222.19591757326594,"_step":0,"Kp_x":1846.670909617903,"Ki_pitch":669.0743145325619,"Ki_x":460.28616511806007,"Kd_y":537.6665355264968,"Kp_yaw":198.12077381747585,"Kd_roll":248.40190732918478,"_runtime":68,"_timestamp":1.7631063802382894e+09,"Ki_yaw":685.6356863685857,"Ki_z":238.07718243309162,"_wandb":{"runtime":68},"Kd_yaw":100.4755587372843}