{"Kd_x":0.1,"Ki_y":557.143,"_wandb":{"runtime":72},"Kp_z":952.2,"Ki_z":4.189,"_runtime":72,"Ki_x":0.565,"Kd_y":96.3,"Kd_roll":9.7,"Kd_z":910.4,"_timestamp":1.763103118497572e+09,"Ki_roll":68.568,"Ki_yaw":60.736,"best_cost":5579.472471943519,"Kp_y":794.9,"Kp_yaw":51.6,"Kd_pitch":0.1,"Ki_pitch":46.741,"Kp_pitch":5.4,"Kp_x":426.8,"_step":0,"Kd_yaw":5.1,"Kp_roll":33.1,"cost":5579.472471943519}