{"Ki_x":0.49240972196530597,"Kp_y":849.4998041050276,"Ki_pitch":41.2980566010365,"Kd_y":108.10807528385837,"_step":8,"Ki_y":562.0013902527616,"Kp_roll":36.797029729540306,"Kp_z":766.8078223614498,"Kd_roll":10.652510933854092,"Kd_x":0.10222002864649618,"Ki_yaw":65.8369002428052,"Kd_z":798.4651334477064,"Kd_pitch":0.09987832377772143,"Ki_roll":76.34772353042085,"_timestamp":1.7631030470111687e+09,"best_cost":3315.909139841551,"Kp_yaw":46.814360439426856,"_wandb":{"runtime":334},"Kp_x":383.5837900950804,"Kp_pitch":5.8072146862158665,"cost":3942.9770938189436,"Ki_z":3.639808406693759,"_runtime":334,"Kd_yaw":4.656243995459308}