{"Kd_x":763.2678664145078,"Kp_z":1133.1030915267154,"Ki_yaw":680.8907903983744,"Ki_roll":678.912344140259,"best_Ki":[783.2088673682597,0,743.0385376185353,730.9282851548606,97.21986695826918,1000],"best_Kd":[627.3416123149015,408.2917610394868,178.48421127562244,69.39196534084591,740.9061985432609,626.0605730089501],"Kd_yaw":366.9383065493807,"best_cost":129.8116902683336,"Ki_y":0,"interrupted":true,"Ki_x":547.5073274160759,"cost":285.7891342856577,"_wandb":{"runtime":22763},"Kp_x":1686.617854182645,"Kd_z":199.64590763690856,"final_cost":129.8116902683336,"Kp_yaw":1000,"_timestamp":1.763224546196925e+09,"Kp_y":1170.4089855577824,"Ki_pitch":107.0732441445766,"Kd_pitch":812.4255622572842,"Kd_roll":155.8593725933708,"Kp_pitch":423.3099512266148,"_runtime":22763,"Kd_y":580.3195486911922,"Ki_z":1000,"_step":666,"Kp_roll":445.21778467181736,"best_Kp":[1272.973600110525,1397.8453193803514,1145.2570718935751,542.6649718132812,405.22948553310863,968.8120878622798]}