{"best_cost":480.2380415246157,"Kd_pitch":38.436653950800746,"Kd_y":43.18332264847922,"Kd_x":29.057514536903955,"_timestamp":1.7633541797287571e+09,"Ki_pitch":33.03070811122943,"Kd_z":24.012137559542808,"Ki_roll":39.37141411145891,"Kd_yaw":10.604064959994774,"_runtime":58,"_step":0,"_wandb":{"runtime":58},"Ki_x":48.094164425561154,"cost":480.2380415246157,"Ki_yaw":11.988328499088198,"Kp_z":27.011552263112236,"Ki_z":40.81967382565926,"Kp_pitch":17.68272044294662,"Ki_y":4.7318102202575485,"Kp_roll":29.606948603711437,"Kd_roll":17.74352191014852,"Kp_y":13.368861174231256,"Kp_x":35.00292546456618,"Kp_yaw":12.74626995144532}