{"Kd_x":995.9241772419953,"Kd_y":186.2289568640887,"Kp_z":329.83731699700456,"_runtime":106,"Kd_pitch":734.5291574782154,"Kd_yaw":773.7955013540757,"Ki_z":798.6637700093693,"Kd_z":674.5721370619062,"Kp_y":262.5373652627627,"Ki_y":56.28306326807364,"cost":31844.99260002978,"Kp_pitch":619.5060313176621,"Ki_yaw":147.54622840958288,"Ki_x":397.45649221533296,"Kd_roll":880.8806584681427,"Kp_yaw":15.206049065083494,"_wandb":{"runtime":106},"Kp_roll":478.9779349818685,"_timestamp":1.7631024562524552e+09,"Ki_roll":873.1722745158987,"Kp_x":1146.498979583543,"_step":1,"Ki_pitch":953.9789499190362,"best_cost":31844.99260002978}