{"Kd_roll":49.50889948007094,"Ki_roll":17.073921328073194,"Kd_pitch":13.05685263870524,"_wandb":{"runtime":226},"Kp_z":39.40454284621326,"best_cost":335.2213353597846,"_step":5,"Kd_z":12.923673020822314,"Ki_z":7.61076873938582,"Kp_x":1.1863305880857156,"Kp_yaw":0.009443872459813374,"Kp_pitch":30.837721366090893,"_timestamp":1.7632876132863886e+09,"cost":335.2213353597846,"Kp_y":0.07048320433976629,"Kp_roll":22.153959563740035,"Ki_yaw":38.43644960910618,"_runtime":226,"Kd_x":8.431584498454292,"Ki_y":10.386254716857458,"Kd_yaw":25.975752666714865,"Ki_x":17.115494742901504,"Ki_pitch":6.933850527502833,"Kd_y":43.997442806652046}