{"Kd_yaw":479.20095634537495,"Ki_z":912.2452673018151,"Kp_yaw":245.66059389169504,"Kp_y":1482.5464635445308,"Ki_yaw":140.1000876041425,"_runtime":7873,"Ki_x":697.1295239986637,"Kd_roll":283.04621984355873,"_step":230,"Kp_z":954.7621858906823,"Ki_roll":472.03967647866153,"_wandb":{"runtime":7873},"Kp_x":265.4878481976948,"Ki_pitch":757.8423478088439,"best_cost":56.65156458735962,"cost":89.17784944768098,"Kd_z":676.1315964787675,"Kp_pitch":805.8114263196029,"Kd_x":166.80098835495872,"_timestamp":1.7631886903508587e+09,"Ki_y":705.1397233885897,"Kd_y":651.5431240216764,"Kp_roll":304.9133127009499,"Kd_pitch":800.1248026556337}