{"Kp_roll":2435.9445607227203,"Kd_pitch":3342.4828452028064,"_step":0,"Ki_yaw":7622.514583341138,"Ki_x":6500.302254403321,"Kp_z":541.4208807688403,"Kp_yaw":5696.099521624455,"_runtime":58,"Ki_z":6386.408159798156,"Ki_y":1323.4210093127597,"_timestamp":1.7633543676641681e+09,"Kd_roll":4533.124270819121,"Kd_yaw":4808.460576143026,"cost":448.6507887352986,"Ki_pitch":8685.053817518077,"Ki_roll":5418.1979592720745,"Kd_x":7722.081767088629,"Kd_z":4639.685357585088,"_wandb":{"runtime":58},"Kp_pitch":9294.308912079745,"Kd_y":2805.063709582699,"best_cost":448.6507887352986,"Kp_x":4884.705779819736,"Kp_y":1346.1145969501142}