{"Ki_y":341.0289291266077,"Kd_roll":200.58107842599554,"Ki_roll":811.7845450963972,"Kp_roll":716.3250735599596,"_step":173,"Kd_z":215.5312116568159,"Ki_x":0,"_timestamp":1.7630936138639052e+09,"Kp_x":979.4143099120125,"Kd_y":1000,"cost":15936.14416833025,"Kp_yaw":155.68005966145972,"best_cost":10701.983577799389,"Ki_z":365.5436369379774,"Kd_yaw":0,"Ki_yaw":344.5000178926066,"Ki_pitch":148.66572243056882,"Kd_x":79.0965752955325,"Kp_z":1440.304164331131,"Kd_pitch":0,"_wandb":{"runtime":5905},"Kp_y":254.2670217497357,"Kp_pitch":629.1162185160741,"_runtime":5905}