{"Kd_z":989.7293742188034,"cost":182.8345406635345,"Kp_yaw":0,"Kd_roll":176.52845657685512,"_timestamp":1.7632251241628168e+09,"best_cost":129.8116902683336,"Ki_pitch":82.21918813902035,"_runtime":552,"_step":15,"Kp_pitch":262.5452392123181,"Ki_yaw":1000,"Kd_x":359.2934704657676,"Kd_pitch":1000,"Ki_x":97.60799033946189,"Kd_y":485.734509845575,"Ki_roll":294.17434019822105,"Kp_x":322.8965967968572,"Kd_yaw":641.9801661543606,"Ki_y":0,"Ki_z":1000,"_wandb":{"runtime":552},"Kp_y":725.0826903654644,"Kp_roll":243.85421837359195,"Kp_z":2000}