{"Ki_yaw":426.87779383097626,"_wandb":{"runtime":540},"Kp_roll":41.33251379630431,"Kp_pitch":160.50785116231637,"Ki_z":155.05473837298223,"Kd_y":809.9138011092641,"_step":14,"_timestamp":1.7631807275655525e+09,"_runtime":540,"Kp_x":707.0564730599032,"cost":68.78375778632838,"best_cost":59.8294064634167,"Ki_x":643.049337449975,"Ki_y":595.1468774991168,"Kp_yaw":958.6479159113059,"Kd_roll":692.9972146299314,"Kd_x":655.8769685871129,"Ki_pitch":396.01732095040796,"Kd_yaw":45.21257811102697,"Ki_roll":650.7028576426578,"Kp_z":837.7502262784524,"Kd_z":437.36526673913056,"Kd_pitch":765.803943269318,"Kp_y":802.3517218193224}