{"Kp_z":222.41747037066943,"Ki_x":3.3301911956619004e-05,"Ki_z":0.004345233530240631,"Ki_roll":2.032719676233542e-05,"Kp_y":1346.2545242720769,"_step":1,"Kd_roll":26.51630983066245,"Kp_roll":5.2057476538327814e-05,"Kd_pitch":0.5257405010879642,"Kp_x":45.747274776690105,"Ki_pitch":1.675507839508685,"Kp_yaw":0.00022779356267290085,"Kd_z":5.39522839995141e-05,"_runtime":99,"_timestamp":1.7631759113462179e+09,"Ki_yaw":9.105219510552388e-06,"Kd_yaw":8.30072740050558,"Kd_x":3.79839532921036e-05,"best_cost":2431.759196698525,"Kd_y":2.6983108295424822e-05,"_wandb":{"runtime":99},"cost":2431.759196698525,"Ki_y":0.9708637294343198,"Kp_pitch":1.6720251076282458e-05}