{"_timestamp":1.7631032363456883e+09,"Ki_roll":544.0699043883869,"Kd_z":447.8774061915929,"best_cost":15435.937878526849,"Kd_roll":224.9681043366324,"Kd_y":930.6311078950145,"Kp_z":1299.06510400454,"cost":27253.980363383405,"Ki_pitch":419.7575448963313,"Kd_pitch":22.448371277802302,"Ki_yaw":816.5369867343547,"Ki_x":875.24804430156,"Kd_yaw":544.552629125157,"_runtime":82,"_step":1,"Kp_yaw":740.9677763481236,"Kp_pitch":967.9256626730273,"Kp_x":442.6792641344939,"Kd_x":31.634954842833185,"Ki_y":403.3168473252857,"Ki_z":816.2328665469865,"Kp_y":722.5436244610803,"_wandb":{"runtime":82},"Kp_roll":461.25044696024366}