{"Ki_z":705.48804993126,"Kp_x":106.36743595372789,"Kp_roll":454.24608933483813,"Kd_x":71.12451450982216,"Kp_yaw":780.7834091535292,"Ki_yaw":380.22545085600825,"_step":30,"Kd_pitch":439.1355011815028,"Kp_z":936.3017852980068,"Kd_y":885.583169390377,"Kp_pitch":626.2307943334359,"Kd_yaw":617.5000558319285,"Ki_roll":256.15236168759316,"_timestamp":1.7631897710759752e+09,"Kd_z":65.41071075713367,"Ki_y":877.9002663082975,"Kd_roll":218.51695518344383,"cost":57.50593112961341,"best_cost":50.325424090157,"Ki_pitch":32.353522974620795,"_runtime":1068,"_wandb":{"runtime":1068},"Ki_x":52.55614341402426,"Kp_y":1256.4621197833312}