{"best_cost":890.3367390688793,"best_Ki":[858.1886768158179,290.24230219310226,269.8348771317835,94.61575463060541,4.104851143783395,1.1128409681145655],"Kp_roll":50.15255287762727,"Kd_x":724.7322201408189,"Ki_pitch":7.845417761460698,"_step":799,"Kp_pitch":193.0853471328985,"_runtime":27091,"Ki_x":962.6014393038835,"Kp_x":1479.392591777474,"Kd_roll":867.7606108351364,"Kp_yaw":1.4510937634994476,"cost":1257.9920331680614,"Kd_z":348.71202455998514,"Kd_y":323.4651880534189,"best_Kp":[1417.8495425487108,1540.5319595365456,1246.489682685631,0,321.04840798726786,1.354516039055025],"Kp_z":636.151878091123,"best_Kd":[592.2114581689791,282.98741395879597,405.8992906525952,1000,0,126.5766755642888],"Ki_z":202.001078020725,"Ki_roll":244.6235845814813,"validation_cost":2341.8440269293574,"Kp_y":1611.8556103944295,"Ki_yaw":0.40529245028709165,"Kd_yaw":119.44699273869537,"_wandb":{"runtime":27091},"Kd_pitch":831.6668076624688,"final_cost":890.3367390688793,"interrupted":false,"Ki_y":605.2993911230268,"_timestamp":1.7631334766513286e+09}