{"Ki_roll":99.77712233246638,"Ki_y":240.28052458097594,"_timestamp":1.7631770102652633e+09,"Kd_z":988.0788765557231,"best_cost":4825.045528500806,"Kp_y":1089.3465798176644,"Kd_x":997.551899406436,"Kp_roll":198.06585297784562,"Ki_pitch":750.3723643012779,"_step":2,"cost":11296.21388554126,"Kd_pitch":231.75253981201848,"Kp_pitch":679.6640945637079,"Kd_roll":883.2521484627799,"Kd_y":899.1742329629528,"Kp_x":1798.0691596981155,"Ki_z":813.7626065636867,"Kp_yaw":954.5341287038751,"Kd_yaw":74.25662339588679,"Ki_yaw":618.9684881403125,"_wandb":{"runtime":111},"Kp_z":776.66464189473,"Ki_x":806.8196672310648,"_runtime":111}