{"Kd_pitch":712.1294922319858,"Ki_yaw":467.3925311741379,"Kd_yaw":868.773257228455,"_wandb":{"runtime":421},"cost":33928.21666094729,"Kd_x":902.1261283717168,"Ki_roll":207.6926487862779,"Kd_y":83.69987107469335,"Kp_y":282.5431143317014,"Kp_yaw":604.5326059078816,"_step":11,"Kp_x":1832.3714352298011,"Kd_z":267.9228144853179,"Ki_x":454.709448197635,"best_cost":10011.028995956525,"_timestamp":1.763105426738151e+09,"Kp_pitch":416.14981223861525,"Kp_roll":498.8323758007791,"Kd_roll":960.2120270625156,"_runtime":421,"Ki_y":272.9131836527047,"Ki_pitch":856.2012312593173,"Kp_z":828.4925559088971,"Ki_z":277.1896242182703}