{"Kd_pitch":689.9911383472061,"_timestamp":1.7631045348879454e+09,"Kp_pitch":925.743522458675,"Kp_x":460.24114367907055,"Kp_yaw":256.146343157445,"_step":5,"Ki_pitch":921.9020069873843,"cost":32137.45206148599,"best_cost":19746.826079462655,"_runtime":230,"Kd_yaw":771.773158180147,"Kd_roll":262.27745986580675,"Ki_yaw":210.53656426332634,"Kp_y":1104.1739399870999,"Ki_z":391.473643558517,"Kd_z":330.2685317500821,"Kd_y":126.63463461368063,"Kp_z":726.0088365286388,"Ki_x":11.376818073252192,"Kd_x":563.8964635523531,"Kp_roll":759.2898150823837,"_wandb":{"runtime":230},"Ki_y":533.9439659872954,"Ki_roll":96.12174158740183}