{"Ki_z":388.2671435265208,"Ki_yaw":78.28917250790293,"best_cost":2015.1949266082327,"Ki_roll":7.353320242352382,"best_Kd":[0,11.071053473571439,196.27776381166882,3.6157477687457593,1.9211549912708967,14.000478312001617],"Kd_z":169.0443725916332,"Kp_z":254.82995276065367,"Kd_roll":0.39022202056254945,"_timestamp":1.7630846239375865e+09,"Kd_y":13.788327453326021,"Ki_y":81.12761653323477,"_step":872,"final_cost":2015.1949266082327,"cost":Infinity,"_runtime":29472,"Kp_x":779.3424707152653,"Kp_roll":137.7590244979178,"Kd_x":159.38478216319584,"Kd_pitch":3.8673033821724196,"Kp_y":239.5152410043388,"best_Ki":[335.820987642473,59.27047978904892,213.47101888299406,11.766129850453757,3.238570319185058,79.94076591832162],"best_Kp":[536.5788572377843,77.15328487924899,394.8509785584974,110.34444947983185,146.88461674691723,175.62942669411208],"Ki_x":396.33902291264764,"Kd_yaw":34.194397826892875,"Ki_pitch":0,"_wandb":{"runtime":29472},"interrupted":true,"Kp_pitch":154.1981543363959,"Kp_yaw":30.36807708591182}