{"Ki_z":3.2531756922186425e-05,"_runtime":359,"Kp_x":1.2367311129380227e-06,"Kd_roll":11.513314752268109,"_wandb":{"runtime":359},"_timestamp":1.763176717140547e+09,"Kp_pitch":0.0019272923899498167,"Kp_y":0.41180799196226064,"Kp_roll":2.5927246204596493e-06,"Ki_x":667.497777959868,"Kd_yaw":1.217019576198961e-05,"Kd_y":186.93473197119494,"Ki_y":2.12814299541114e-05,"best_cost":4436.669612127337,"cost":6214.624041579383,"Ki_roll":0.15738356793825561,"Ki_pitch":0.2981470667404023,"Kd_z":3.4576582219827466e-06,"Kd_pitch":7.483382982076351e-06,"Kp_z":477.4260992069421,"Kp_yaw":2.8943602138950392e-05,"Ki_yaw":3.906389147622579e-06,"Kd_x":0.630520368231506,"_step":9}