{"Kp_pitch":0.001763457958994864,"_timestamp":1.7631759840933468e+09,"Kd_z":1.5698453652467046,"Kp_y":124.38154307637312,"_runtime":69,"best_cost":5346.370258550844,"Ki_x":0.00011454090951342657,"cost":5346.370258550844,"Kd_roll":4.632129681789333,"Kd_pitch":0.002084202236061672,"Ki_pitch":0.0002813703894943272,"Kp_x":0.0001825196290080359,"Kd_y":6.53238849647682e-06,"Kd_yaw":0.000131695207626292,"Kd_x":1.475769454657979e-06,"Ki_z":0.006664859737062626,"Kp_yaw":3.4529041103973896e-06,"Ki_roll":9.92270723066457,"_wandb":{"runtime":69},"Ki_y":0.23491367675015637,"_step":0,"Kp_roll":1.8387068692320847,"Ki_yaw":0.03373823900767329,"Kp_z":0.030102245206883087}