{"Kp_yaw":986.9731777455434,"_timestamp":1.7631062948243294e+09,"Ki_roll":864.4260048031516,"Kd_x":289.80573162159726,"Kd_z":945.8738725572032,"Ki_y":781.9751097050782,"Kp_z":883.0891345685699,"_step":7,"best_cost":1481.7002178884413,"Kp_x":737.4314455549602,"Kd_yaw":481.470696516902,"_runtime":288,"Ki_pitch":287.96947858640044,"Kd_y":404.0383576119121,"Kp_y":182.13871349455601,"Ki_x":547.3528709957144,"_wandb":{"runtime":288},"Kd_pitch":163.2682588254285,"Kd_roll":830.4335905999416,"cost":2876.737565698375,"Kp_roll":777.7133209575651,"Ki_z":129.38032600847714,"Ki_yaw":904.080737841831,"Kp_pitch":128.03353658671435}