{"_step":1,"Kd_roll":310.05884327510745,"_runtime":105,"Ki_roll":649.3572985720557,"Kd_pitch":206.82946567251636,"Ki_yaw":762.058246287012,"Kd_y":486.44615650449975,"Kp_pitch":768.5136892048511,"Ki_y":562.1358919127479,"Kp_roll":482.0968538206752,"Ki_x":89.17551386229539,"Kp_yaw":381.7817834297159,"best_cost":2853.4813718129744,"Kp_y":460.42056853483126,"Kd_z":121.43293382408726,"Kp_x":1532.722394961425,"Kd_x":275.8087192322044,"Ki_pitch":243.26856286264155,"_wandb":{"runtime":105},"Ki_z":680.1591545830536,"Kd_yaw":302.38025930031876,"cost":2896.254130632793,"_timestamp":1.763105972015124e+09,"Kp_z":1017.0563889569369}