{"Kd_roll":13.82437270938482,"Kp_roll":21.50887456373295,"Kd_x":48.322688512296054,"_runtime":114,"Kd_z":30.401225148905404,"_timestamp":1.763287366204628e+09,"Ki_y":17.401747513376183,"Kp_yaw":31.362558657776145,"Ki_pitch":23.037610061953167,"Ki_yaw":19.340446684349534,"Kd_yaw":11.395383009097488,"Ki_x":44.75353919915948,"cost":300.4483064117021,"Kp_z":49.62923244640173,"Ki_roll":3.98441685573534,"_step":2,"Ki_z":23.11155015096043,"_wandb":{"runtime":114},"Kp_y":36.177105407449496,"Kd_y":35.84608245990209,"best_cost":300.4483064117021,"Kd_pitch":12.180265976719056,"Kp_x":0.16078880771903115,"Kp_pitch":19.070723757987672}