{"Kp_pitch":5.432483727277274,"Ki_x":0.5026288286733691,"Kd_x":0.11138632977957373,"Kd_pitch":0.10827549757863647,"_step":2,"_wandb":{"runtime":123},"best_cost":4131.384160419807,"Ki_pitch":43.780101234413166,"Kd_yaw":5.4993888395948725,"Ki_z":4.014358204602452,"Ki_yaw":65.44234158229692,"Kp_yaw":46.746303970192116,"Kd_roll":11.608001473947922,"Kp_roll":38.98028343295113,"_runtime":123,"Kp_y":807.5272252006537,"Ki_roll":61.03349012131558,"Ki_y":521.0700941960404,"cost":4839.815364266047,"Kd_y":98.13535537717064,"Kd_z":1000,"Kp_z":802.5259811061158,"_timestamp":1.7631026931244547e+09,"Kp_x":394.19388231860444}