{"_step":12,"Ki_pitch":373.48266531376953,"cost":99.0069450665059,"Kd_pitch":764.369014055097,"Kp_yaw":174.5629762413583,"Ki_roll":203.65260841164212,"Kp_z":807.48380625369,"_timestamp":1.7631999473132484e+09,"_wandb":{"runtime":458},"_runtime":458,"Kd_y":971.3534089164997,"Kp_x":1089.1514683510313,"Kp_pitch":885.3414060794163,"Ki_yaw":644.786877107501,"Kd_yaw":60.540731469022056,"Kd_x":243.91338834719633,"Kd_roll":724.249991228407,"best_cost":22.598482001056336,"Kp_roll":542.4504373551417,"Ki_z":654.932449536978,"Kp_y":1678.387656172947,"Ki_x":22.389500004624917,"Kd_z":621.8582024750427,"Ki_y":593.1311138426126}