{"interrupted":true,"Kp_x":1910.6016857107188,"best_cost":129.8116902683336,"Kd_z":0,"Kp_pitch":925.1760942792683,"_wandb":{"runtime":22471},"Kd_yaw":594.6316421409124,"Ki_x":539.5241529980125,"Ki_z":334.56413883985425,"Kd_roll":0,"Kp_y":580.0967971622789,"best_Ki":[783.2088673682597,0,743.0385376185353,730.9282851548606,97.21986695826918,1000],"Kd_y":900.4646489193874,"Ki_roll":488.8455629478752,"Kp_z":0,"_step":658,"Ki_yaw":555.1732355322023,"_timestamp":1.7632239366874824e+09,"Kp_roll":987.1771559043533,"Kd_x":1000,"best_Kd":[627.3416123149015,408.2917610394868,178.48421127562244,69.39196534084591,740.9061985432609,626.0605730089501],"Kp_yaw":769.8220311507584,"Ki_y":0,"Ki_pitch":0,"cost":248.94094129222188,"Kd_pitch":1000,"final_cost":129.8116902683336,"_runtime":22471,"best_Kp":[1272.973600110525,1397.8453193803514,1145.2570718935751,542.6649718132812,405.22948553310863,968.8120878622798]}