{"best_cost":246.4089317335809,"Kd_pitch":209.8583462175715,"Kp_roll":483.80143527206064,"_wandb":{"runtime":523},"Ki_y":635.8483132273846,"Kd_y":850.1880178034355,"Kd_yaw":504.83020638778106,"Ki_z":460.6423307617027,"_step":14,"Kd_roll":853.889677308829,"_timestamp":1.7631797694929125e+09,"Ki_roll":965.5233550046868,"_runtime":523,"Kd_x":781.9791900493321,"Kp_y":1799.45167302338,"Kp_z":1609.2154951444497,"Kd_z":847.1080258526011,"Ki_yaw":566.1627337458482,"cost":351.7391217322786,"Kp_x":46.87564147971823,"Ki_x":510.04358792357306,"Kp_pitch":790.3593504528501,"Kp_yaw":183.51762557737382,"Ki_pitch":358.91810343869355}