{"Kd_z":835.266979216247,"Kp_pitch":731.4620629756175,"_wandb":{"runtime":223},"Ki_pitch":712.9522234865899,"best_cost":22.598482001056336,"Kd_roll":545.2426832288611,"Kp_yaw":272.3110448387299,"Ki_y":943.2588729275691,"Kd_x":287.7843673932277,"Ki_x":306.1773386150869,"Kp_z":1177.0813028898665,"Ki_z":880.6203083082229,"Kp_y":405.27332731659385,"_timestamp":1.76320110044032e+09,"Kp_roll":691.4976942127627,"_runtime":223,"cost":368.8025063745227,"_step":5,"Kd_pitch":209.07872548901275,"Ki_yaw":177.11150066482207,"Kp_x":698.3229185123223,"Ki_roll":546.8341657280735,"Kd_yaw":747.0870574878605,"Kd_y":850.8744654318253}