{"cost":939.6809450211363,"Ki_x":11.505427712120541,"_runtime":274,"Kp_z":26.267048508886532,"_timestamp":1.7632903569622478e+09,"Kd_y":8.589688408517786,"Kp_x":21.907594720841335,"Ki_yaw":0,"Ki_roll":0.5578823924890378,"_wandb":{"runtime":274},"Kp_yaw":11.098250223729002,"Kp_y":19.626753150336548,"Ki_z":1.7254214377157662,"Kd_pitch":4.381105139259204,"_step":6,"Kd_roll":4.542129607948028,"Kd_z":14.687767002173349,"Kd_yaw":6.579900657360806,"Ki_y":8.117747093574883,"Ki_pitch":0.4508473301477943,"Kp_pitch":10.768865320062115,"Kd_x":8.54143701610867,"Kp_roll":9.62821373199166,"best_cost":673.848164745154}