{"Ki_y":21.294584656087245,"Ki_yaw":0.00011047413455632295,"Kp_pitch":1.1239909941741066,"Ki_pitch":0.003827158322407578,"Kp_z":0.0021809917309521406,"_runtime":266,"Kp_roll":988.1353471022303,"Ki_x":1.3347120250453098e-05,"Kp_x":738.0978186664473,"Ki_roll":22.278077044265945,"Kd_pitch":0.000866540979792807,"Kd_roll":208.23095798156,"_timestamp":1.7631762646814682e+09,"Ki_z":2.334836096327441e-05,"Kp_yaw":537.740493058047,"Kd_y":37.30152173618887,"best_cost":5626.826790987458,"Kd_x":0.012241762671747636,"Kd_yaw":0.0007978255456982434,"cost":9541.091448426112,"Kp_y":4.206351180650724e-05,"Kd_z":0.0003758432207061798,"_step":6,"_wandb":{"runtime":266}}