{"Kp_z":685.4319961901961,"Kd_x":152.39574196433193,"best_cost":715.5508116473351,"Kp_pitch":855.2255555873566,"Kd_yaw":328.3339066277983,"_timestamp":1.763105651394441e+09,"_wandb":{"runtime":225},"cost":1306.5726564621525,"Ki_x":149.6385435783668,"Kd_z":357.8508230533527,"Kp_roll":614.0550322254918,"_step":5,"Ki_z":679.2072719467839,"Kp_x":244.06844148254203,"_runtime":225,"Ki_roll":658.5645555569506,"Kd_y":670.2463534647673,"Kp_yaw":457.3740404419094,"Kd_pitch":319.6230119883503,"Kp_y":1476.7028507424357,"Ki_pitch":46.965904315939945,"Ki_yaw":188.7594536803152,"Ki_y":469.96884380674766,"Kd_roll":782.4815049993672}