{"best_cost":57.08413169893454,"_timestamp":1.7631801975431485e+09,"Kp_y":175.11038505777688,"_step":11,"Kd_z":460.1595000060876,"_runtime":421,"Ki_x":883.2852659711172,"cost":70.09804862884211,"Kp_z":100.38885581381307,"Ki_yaw":85.90197718782555,"Ki_pitch":308.0192440691447,"Kd_pitch":893.5283830630901,"Kd_x":789.5465186352975,"Kp_roll":583.0794770749965,"Ki_z":271.88621817088756,"Ki_y":212.11229537295816,"Kd_y":179.09147219704246,"Kd_roll":225.01155211982947,"Kp_x":528.206354470647,"Ki_roll":736.2587608407702,"Kd_yaw":395.5866858790381,"Kp_pitch":144.32368437049348,"Kp_yaw":667.5167867098086,"_wandb":{"runtime":421}}