{"Kd_roll":98.41591297009494,"Kp_y":43.880936658439765,"Ki_roll":59.40911086421261,"_runtime":105,"cost":484.11451337537613,"Kd_yaw":27.540062367770346,"Kd_x":67.13680820782513,"Kp_x":26.36708245565703,"Ki_pitch":59.179853300174024,"Kp_pitch":60.544631444266436,"Ki_x":18.56646932967386,"_step":1,"Kd_y":5.586723720864095,"_wandb":{"runtime":105},"Kp_roll":75.91732550403115,"Ki_y":61.12854774021314,"Kd_pitch":59.37439680848916,"best_cost":484.11451337537613,"Kp_z":91.92040396156294,"Ki_yaw":53.698627323090996,"Kp_yaw":79.10647531784065,"Kd_z":55.09899932260755,"Ki_z":85.75996383514679,"_timestamp":1.7632801453692925e+09}