{"Kp_x":1747.1424308094925,"Ki_roll":253.7630076338897,"Ki_x":404.2019703446983,"Ki_y":568.5823705506098,"Kp_pitch":736.6137302325469,"Kd_yaw":338.45436485467116,"Kd_y":316.366265937009,"_wandb":{"runtime":192},"Ki_pitch":191.72227614658777,"best_cost":9433.61096076245,"_step":4,"Ki_z":700.9094149085578,"Kp_roll":100.12999261248412,"Kd_z":568.5024411585216,"Kp_yaw":951.027737369666,"Kd_pitch":236.93829512782972,"Kp_z":12.852594329749722,"Ki_yaw":261.0552974902751,"Kp_y":54.39056483460125,"cost":15440.372780520309,"_runtime":192,"Kd_x":689.9772889078611,"_timestamp":1.7631058486293273e+09,"Kd_roll":608.5174525960349}