{"best_cost":5754.981323733793,"Kd_yaw":97.11745951996642,"Kd_z":785.5977023310152,"_step":6,"_timestamp":1.7631772645880308e+09,"_runtime":258,"Kp_roll":117.39290694174787,"Ki_yaw":205.47342993129325,"Kd_x":89.64189577074988,"Ki_roll":980.2247814569007,"_wandb":{"runtime":258},"Ki_pitch":795.5204071979463,"Kp_pitch":658.412538498955,"Kd_roll":149.73502098050574,"Kp_z":832.5731956535332,"Kd_y":355.6225993768161,"Kp_x":1585.7304093702865,"Ki_x":962.4121486619978,"Kp_yaw":553.7860469697616,"Ki_z":224.44804290121277,"cost":8255.513972374034,"Ki_y":254.5266448917741,"Kp_y":388.2807775254769,"Kd_pitch":557.4031052179168}