{"Kp_roll":5.859452757689625,"Kp_x":12.215548297425546,"_runtime":94,"interrupted":true,"best_Ki":[2.5704408376474266,0.9758054990928599,1.44315308748581,0.4869244298382145,0.1077735639594537,2.6020226382398133],"Kd_yaw":4.9706900766957105,"Kd_z":7.393230397831418,"best_cost":424.1486591577855,"Kd_x":4.480075924626517,"Kd_pitch":4.445454919578228,"_timestamp":1.7632872645949266e+09,"final_cost":424.1486591577855,"best_Kp":[14.054664352124526,9.57585493009893,0.23805252130417287,3.0781951661450666,8.928180537684119,14.663649008351623],"Kd_y":0.20254140876853455,"Kp_pitch":1.8722790823193414,"Ki_z":2.8250873048686187,"Ki_roll":1.8019150496245293,"Ki_pitch":0.6033339581876906,"_step":2,"Ki_yaw":0.5257616277624666,"Kp_y":0.4505523947141227,"Ki_x":0.10072989099370144,"Kp_z":1.2992307254297142,"Kd_roll":0.4126543339989869,"_wandb":{"runtime":94},"Kp_yaw":5.072659266397132,"Ki_y":1.9498139151800813,"cost":497.93219093826167,"best_Kd":[1.0157187897230957,3.0375643468588236,7.083580370149876,1.4649824891350431,0.8511820781286705,1.9283937320372595]}