{"Ki_yaw":981.3070194346125,"Kd_x":902.3434739051759,"Kd_y":821.0088271422012,"Ki_pitch":588.0407814559763,"_runtime":520,"Kd_roll":587.4177322668311,"Ki_z":25.599616343199074,"Kp_z":1838.1061756734316,"Kp_y":401.1448358076628,"Kp_roll":44.98308097717374,"Kp_pitch":413.7106844572882,"Kd_yaw":62.65183568218446,"Kd_z":47.85905356549613,"cost":2677.387147437137,"Kd_pitch":345.11716460774954,"_step":14,"Ki_x":279.9016039304468,"best_cost":2677.387147437137,"Kp_x":1576.637544705708,"Ki_y":512.7991373750405,"_wandb":{"runtime":520},"Ki_roll":51.418528631587805,"Kp_yaw":656.8820566184045,"_timestamp":1.763177801749129e+09}