{"Kp_pitch":4.571011791410862,"Kp_roll":40.5018712692828,"Ki_x":12.999543468219338,"Ki_roll":12.6940455170094,"Kd_pitch":31.416228000617778,"Kp_z":29.46844021709019,"Kp_x":2.6940914216236287,"Ki_pitch":22.342295480478686,"_wandb":{"runtime":6},"Kd_roll":0.39654847641925617,"_step":0,"Kd_yaw":31.538280152670822,"Ki_y":19.095077235452756,"Kd_x":18.265507641442614,"_timestamp":1.7632867464569645e+09,"_runtime":6,"Kp_yaw":47.050484974897806,"Kd_z":46.19762184837212,"Kd_y":4.023774405694736,"cost":Infinity,"Ki_yaw":16.98249320034196,"Ki_z":24.6204051032519,"Kp_y":5.052322775684004,"best_cost":Infinity}