{"_wandb":{"runtime":1432},"Ki_yaw":455.5372492788511,"Kd_y":906.4389627064625,"Kd_yaw":45.46916990779193,"Kd_pitch":475.8885306913031,"Ki_roll":996.8875319066296,"Kd_z":857.1117139448967,"Kd_roll":883.0556390959487,"Kp_z":606.2302584323296,"Kp_y":454.2321633419084,"Ki_y":667.99727826434,"Kp_x":1190.8679350236716,"cost":3443.0969542039056,"_timestamp":1.763179246418927e+09,"best_cost":3034.685728260095,"Ki_z":37.91248574136152,"Kp_roll":335.6803920988568,"_step":41,"Kp_yaw":87.34438875710704,"Kd_x":220.4100126720492,"Kp_pitch":138.73638869294612,"_runtime":1432,"Ki_x":352.2698858125224,"Ki_pitch":74.8646505898809}