{"Ki_roll":29.67306182118881,"Ki_x":25.391909137029604,"Kd_pitch":3.275901648239231,"best_Ki":[0,0,7.594058736252649,20.06088220580479,1.4823216335750227,3.016136079748995],"cost":690.476770033061,"_step":1149,"Ki_y":6.694898969767993,"validation_cost":508.40799842058425,"_timestamp":1.763329505468842e+09,"Ki_pitch":16.35462184885939,"Kd_y":24.862326081498576,"Kp_yaw":14.248174899282917,"_wandb":{"runtime":39139},"_runtime":39139,"Kp_x":4.487913382546204,"best_Kd":[12.428843218714576,5.004703819899732,20.195066585013624,19.839491027314406,0,30],"Kd_x":3.736868940856156,"Kd_yaw":6.786348823467325,"Kp_y":22.99779145270799,"Ki_yaw":19.731678494440455,"Kp_z":8.687479894883278,"best_Kp":[0,14.278015013226039,12.15815111271822,9.116133695747022,25.540533572484367,11.130743464457689],"best_cost":204.49510265160808,"Kp_roll":10.13448927997214,"interrupted":false,"final_cost":204.49510265160808,"Kd_z":16.278985525389153,"Kd_roll":21.728849847864375,"Ki_z":13.188364010304806,"Kp_pitch":16.096125294641347}