{"final_cost":137.6322668804933,"best_Ki":[1164.0045976140907,4782.2951154341135,2599.5435627339207,3204.5284436843053,222.21848167441826,336.45204782402794],"cost":265.9539072180996,"Ki_pitch":1358.0696663481856,"best_Kp":[4229.1099628755055,2023.7262663778572,4535.789322952883,2864.967239316829,740.5653967045872,4299.646782679492],"Kp_pitch":0,"Kd_roll":1019.1969790988852,"Kp_x":2210.2440696543667,"Kd_pitch":2299.756999413838,"Kd_z":0,"interrupted":false,"Ki_yaw":1552.0982814566569,"_step":1149,"Ki_x":120.18992122098621,"Ki_y":2246.5645842217114,"validation_cost":313.61897424895,"best_Kd":[2502.2786905426665,2765.86827873545,524.3612849201812,985.7934263864126,4766.928298947759,3112.600646659879],"Kd_x":1469.7809392323172,"Ki_roll":1434.3749489963686,"Kp_z":4502.111040143157,"Kd_yaw":1372.0189388133665,"Kp_yaw":2171.236990963864,"best_cost":137.6322668804933,"Kp_roll":3688.410353965974,"Kp_y":2029.3366301809826,"_wandb":{"runtime":39146},"_timestamp":1.7632643313674033e+09,"Ki_z":0,"_runtime":39146,"Kd_y":893.3358162204622}