{"Kd_yaw":22.195856458186892,"Kd_pitch":29.817451685499694,"Ki_roll":4.28102495829725,"best_cost":531.0563025000537,"Kd_x":16.94451918280344,"Kp_z":4.71501254521924,"Kd_roll":14.724201851756773,"Ki_x":16.717598995256896,"cost":531.0563025000537,"Ki_z":1.0300901401772156,"best_Kd":[16.94451918280344,20.613251687969758,28.782936397866436,14.724201851756773,29.817451685499694,22.195856458186892],"Kd_y":20.613251687969758,"_timestamp":1.7632900958408387e+09,"_step":25,"_wandb":{"runtime":891},"Kp_yaw":13.506033675204206,"Kp_roll":14.302351317663858,"best_Ki":[16.717598995256896,8.364766745891153,1.0300901401772156,4.28102495829725,6.468898438632475,21.494380003738762],"Kp_x":0.48422827036850413,"Kp_pitch":9.81240736485515,"_runtime":891,"Kp_y":15.013472279637243,"Ki_pitch":6.468898438632475,"Kd_z":28.782936397866436,"Ki_y":8.364766745891153,"interrupted":true,"final_cost":531.0563025000537,"best_Kp":[0.48422827036850413,15.013472279637243,4.71501254521924,14.302351317663858,9.81240736485515,13.506033675204206],"Ki_yaw":21.494380003738762}