{"Kp_pitch":434.6459066994884,"Kd_roll":251.91411746799375,"Kd_x":410.57496632635014,"_step":4,"Kp_yaw":78.84835760564413,"cost":13286.274654609579,"Ki_pitch":107.86217897579664,"Kd_y":288.4252871288001,"Ki_roll":85.9245781400867,"Ki_z":6.326555954824231,"Kp_x":1331.6328208700777,"_timestamp":1.7631042752066424e+09,"Kp_roll":415.76986276951345,"_wandb":{"runtime":198},"Ki_x":994.1026247593329,"Kd_yaw":326.4122849651562,"Kd_pitch":67.88540383649955,"_runtime":198,"Kp_z":505.0556297616995,"Kp_y":226.72578679700072,"Ki_yaw":924.2432055948656,"Kd_z":17.419859000438297,"best_cost":13286.274654609579,"Ki_y":556.828178662572}