{"Ki_yaw":515.919763625721,"Kp_roll":114.34236409064717,"Kd_roll":303.18870020321646,"Kd_z":681.1521837532308,"Kp_y":292.2426393897947,"cost":150.56087848300785,"Kd_yaw":63.82832391515867,"Ki_pitch":481.89043414461275,"Kp_pitch":4.380244239720507,"Kp_yaw":920.3682688902649,"Kd_x":276.5829068262288,"_timestamp":1.7631965921615453e+09,"_runtime":6814,"Ki_x":0,"_step":199,"best_cost":58.723285755490494,"_wandb":{"runtime":6814},"Kp_x":1733.935391595591,"Kd_y":347.8492443001103,"Ki_roll":552.7406802828567,"Kd_pitch":517.2924984103846,"Ki_y":577.4544634421741,"Ki_z":877.8765074468726,"Kp_z":1072.4192929154672}