{"best_cost":Infinity,"Kd_pitch":13.716972360141067,"_step":3,"Kp_pitch":4.45488659960448,"Kp_yaw":24.859753800709278,"_timestamp":1.7632870756927035e+09,"_runtime":45,"Kd_roll":29.208688124227617,"Ki_pitch":0.33937886460814193,"Kd_yaw":22.641326526253984,"Kd_y":41.02377551224509,"Ki_x":25.857341966659654,"Kp_x":28.508464448869674,"Kd_z":36.61021582113629,"Ki_roll":12.676556687286162,"Kp_y":9.301741511245993,"Kd_x":18.433167963125314,"_wandb":{"runtime":45},"Ki_z":12.345199880591789,"Kp_z":4.983456189598668,"cost":Infinity,"Kp_roll":33.4263754109102,"Ki_y":30.642775930930426,"Ki_yaw":35.76559491567365}