{"Kd_x":5.014056490307289,"Ki_roll":3.798564067127405,"best_cost":325.64563220620306,"_wandb":{"runtime":669},"Ki_z":20.72303001375136,"Kp_x":9.141463987139776,"Ki_yaw":24.148237603868463,"Ki_x":14.588029849236401,"Kp_z":4.548511538636488,"Kp_y":15.390578263631033,"Kd_roll":11.235285274371684,"Kp_roll":4.65683819775157,"Kp_yaw":4.322266984481081,"Ki_pitch":6.6032940957478035,"Ki_y":23.334834514968644,"Kd_y":1.4117063633305083,"_step":18,"Kp_pitch":2.514599310517709,"cost":885.1116229262449,"Kd_yaw":6.625814411242281,"Kd_pitch":4.577253755370618,"_timestamp":1.7632883112851756e+09,"Kd_z":24.26396288789568,"_runtime":669}