{"Ki_roll":3738.990198803317,"Kp_yaw":3361.274148750438,"_wandb":{"runtime":489},"_runtime":489,"Kd_x":5514.908129743281,"cost":7466.951465081436,"Kp_z":428.56074565964855,"Kp_x":2826.2763994460347,"Ki_yaw":4370.407609135721,"Kp_y":8706.284854276826,"best_cost":6793.275815729112,"Kp_roll":8547.213195220951,"Ki_pitch":3979.033185221228,"Ki_y":2139.7093854212058,"Ki_z":1338.806192320875,"Kd_yaw":3479.7810152457764,"Kd_z":9293.421827136055,"Kd_pitch":8268.541394991516,"Kd_y":3816.936328491224,"_step":13,"_timestamp":1.763175734315057e+09,"Kp_pitch":884.2419144830893,"Kd_roll":4708.416719750067,"Ki_x":6222.813436240667}