{"Kd_y":9402.426376686333,"Kd_pitch":7684.490672249896,"Ki_yaw":4592.108504797001,"Kp_z":6091.123536341628,"Kp_x":5396.127597883907,"_wandb":{"runtime":3417},"final_cost":414.5327417435444,"best_Ki":[6402.169793699561,3440.277799928377,8251.285259495271,8967.656391888158,6213.483117323284,6912.077410913496],"Kd_yaw":1644.4514441521085,"_step":99,"best_cost":414.5327417435444,"Ki_y":423.72478303393524,"best_Kd":[90.20765791548979,6400.204649073118,8848.807262693428,2454.228657623315,7152.535403641404,9710.693429854378],"interrupted":true,"Kp_yaw":9412.227339819867,"best_Kp":[8505.261840151881,8476.365382569571,6418.6105785284035,1034.6211658496295,9735.108467136059,9806.521911881919],"Ki_z":1950.1353234422181,"Kd_x":9033.796332850154,"Kd_roll":4815.657379652023,"Kp_roll":4318.979469070512,"Ki_roll":7751.764757681363,"Kp_pitch":2740.8852094537992,"Kp_y":5805.144491840673,"_runtime":3417,"cost":836.336749945933,"_timestamp":1.7633656644368515e+09,"Ki_pitch":1.4196543534550354,"Ki_x":802.9830280841265,"Kd_z":4424.832775304614}