{"Kd_pitch":493.4005876872038,"cost":2.4819335889985827e+06,"Kd_roll":56.99504602465488,"_runtime":193,"Kp_z":650.0105102731337,"Kp_pitch":256.74341728921013,"Ki_x":995.2313029470658,"_timestamp":1.7631047379502828e+09,"Ki_z":691.3594156289568,"Ki_yaw":416.8579802950789,"Kd_y":897.8423373210817,"Ki_pitch":132.7902743449415,"_wandb":{"runtime":193},"Kd_yaw":880.0557542034394,"Kp_y":1958.7881465953315,"best_cost":2.4819335889985827e+06,"Ki_y":724.8895450789294,"Kp_roll":140.56886200058082,"Kp_yaw":338.39319060192287,"_step":4,"Ki_roll":379.18574367153826,"Kd_z":568.8707168989671,"Kp_x":1340.5036783844923,"Kd_x":579.3088622403808}