{"Kp_yaw":750.3347509642892,"Kd_pitch":247.85102647661117,"_wandb":{"runtime":814},"Kp_pitch":393.79286193298924,"Kd_x":164.84343476334152,"Ki_x":883.7289210599281,"Kp_x":1073.4923093714178,"Ki_z":575.0209929084375,"Kd_z":51.26540299321003,"Kp_y":1190.6501137444463,"Kd_roll":310.60970369995636,"Ki_pitch":667.327616345127,"_step":22,"Kd_y":972.1513146422805,"Kd_yaw":862.3329202474655,"Ki_y":677.2961420809055,"Kp_z":1927.4881856352542,"_timestamp":1.7631994604332128e+09,"best_cost":22.598482001056336,"Ki_roll":220.5510283293035,"_runtime":814,"Kp_roll":670.0064522162436,"cost":155.52652794536658,"Ki_yaw":284.6576014042798}